Autos & Vehicles,Comedy,Education,Entertainment,Film & Animation,Gaming,Howto & Style,Movies,Music,News & Politics,Nonprofits & Activism,People & Blogs,Pets & Animals,Science & Technology,Shows,Sports,Travel & Events,cat0,cat1,cat2,cat3,cat4,cat5,cat6,cat7,cat8,cat9,cat10,cat11,cat12,cat13,cat14,cat15,cat16
191,4092,875,5031,1103,702,1673,23,3374,2134,62,1091,660,593,221,1706,222,doug demuro,comedy,science,funny,Trailer,gameplay,how to,full movie,Pop,news,Dhadrianwale,funny,animals,science,periyamanaval,football,food
161,4060,782,4377,852,455,1305,21,2047,1263,62,918,492,497,221,1457,222,demuro,funny,education,comedy,trailer,game,makeup,ਗੋਲਕ ਬੁਗਨੀ ਬੈਂਕ ਤੇ ਬਟੂਆ,Records,politics,Rara Sahib,comedy,pets,unboxing,priyamanaval episode,nba,street food
108,2026,412,2720,811,407,1242,21,1972,1197,62,716,462,486,221,1388,198,akramjunior,humor,learn,television,movie,funny,food,bugni,music,News,Punjabi,vlog,cats,technology,priyamanaval serial,basketball,travel
108,1467,366,2196,778,352,1106,21,1567,1148,62,697,372,362,221,1380,119,moto,humour,educational,show,2018,play,beauty,harish verma,Rap,breaking news,Bhagwant,BuzzFeed,kitten,review,piriyamanaval,highlights,street food videos
98,1228,287,2049,603,338,1098,21,1533,847,62,511,364,340,221,1378,117,crash,NBC,upsc,entertainment,film,gaming,tutorial,happy raikoti,music video,Politics,Bhai,2018,cat,apple,பிரியமானவள்,sports,cooking
84,1216,263,2034,558,321,968,21,1385,668,62,486,336,324,169,971,113,car,NBC TV,random happens,celebrity,animation,video game,cooking,golak bugni bank te batua,rap,CNN,Punjab,fashion,cute,tech,Priyamanaval today,sp:ty=high,street
76,1139,262,1906,479,298,953,21,1204,647,62,454,333,305,169,784,105,tesla,sketch,Green,funny videos,Official,fortnite,DIY,golak,official,Donald Trump,Bhindran,food,kittens,iphone x,Priyamanaval episode today,soccer,best street food
75,1037,262,1839,469,292,861,21,1151,609,62,366,230,279,169,727,105,turbo,talk show,Hank,comedian,Film,nintendo,recipe,funny,hip hop,latest news,Bhora,family,wild,MKBHD,Priyamanaval today Episode,Football,the food ranger
66,1031,262,1777,450,280,773,21,1114,530,62,347,215,239,121,717,104,diy,video,SciShow,2018,Animation,fun,makeup tutorial,official trailer,punjabi songs,donald trump,Channel,hollywood,Cat,iphone,deviamagal,wrestling,food ranger
65,995,252,1745,435,241,662,21,1110,519,62,346,209,224,121,717,101,accident,Funny,grant thompson,music,movies,nintendo switch,funny,full punjabi movie,Music,latest News,Darbar,comedian,funny cats,nozman,devaimagal,2018,best
63,969,251,1742,433,240,659,21,999,494,62,341,205,219,121,710,101,Top,funny video,king of random,hollywood,review,ps4,Tutorial,punjabi cinema,Alternative,world news,Dhadrian Wale,2017,cute cats,space,deivamahal,wwe,trevor james
62,938,251,1700,425,225,653,21,994,491,62,337,201,217,121,685,99,bmw,clip,the king of random,interview,honest trailer,PS4,chef,punjabi movie,pop,Happening Now,Dharmik,beauty,coyote,dr nozman,deiva magal,plays,indian food
60,867,247,1616,425,219,639,21,833,482,62,319,201,216,121,666,97,speed,parody,grant thompson king of random,live,honest trailers,walkthrough,cosmetics,punjabi trailer,RCA Records Label,trump,Dwar,jokes,coyote peterson,test,deiva magal serial,مصارعه,food tour
55,854,240,1471,421,217,638,21,831,428,62,317,200,214,121,665,94,police,comedic,current affairs,late night,Movie,games,kitchen,rhythm boyz,Hop,Trump,EmmPee,BuzzFeedVideo,breaking trail,smartphone,VikatanTV,व्यावसायिक कुश्ती,Mark Wiens
54,795,227,1451,397,204,602,21,822,417,62,308,200,197,121,660,93,Sound,satire,technology,Comedy,screenjunkies,action,tips,entertainment,live,Breaking News,Parmeshar,christmas,peterson,earth,devamagal,मैच,india
52,776,226,1416,397,198,579,21,810,411,62,308,196,190,121,660,85,mercedes,funny videos,TED-Ed,celebrities,screen junkies,rpg,diy,comedy,Hip Hop,current events,Nirvair,buzzfeed,trail,docteur nozman,divamagal,कुश्ती,curry
52,712,224,1387,376,193,575,21,804,387,62,304,194,183,121,648,82,review,snl,weekend project,full episode,comedy,adventure,easy,latest,2018,vox,Gurbani,music,funny,android,deivamagal,सुपरस्टार,foodie
51,708,222,1367,350,188,563,21,792,386,62,303,189,178,121,648,75,GMK,stand-up,ibps,reaction,Action,xbox one,tricks,batua,Hip,us news,Gurdas,daily,adventure,google,தெய்வமகள்,पहलवान,try
50,699,209,1359,345,187,562,21,790,384,62,302,188,175,121,642,69,ferrari,jokes,TED Ed,trailer,Disney,fortnite battle royale,cook,te,official video,explain,emm pee,fun,funny cat,NASA,deivamagal episode,superstars,travel guide
49,682,205,1350,341,185,557,21,782,384,62,285,186,165,103,642,69,GMK001,interview,school,drama,HD,kids,fashion,bank,The,business,Harjinder,tv,adventurous,video,deivamagal today episode,wrestle,buffet
48,664,202,1330,329,175,542,21,777,345,62,282,184,164,103,642,68,Maroun,celebrities,life noggin,funny video,Comedy,Gameplay,vlog,trailer,latest punjabi songs 2018,NBC News,Maan,télé réalité,fail,2017,deivamagal today,wrestler,noodles
47,642,202,1320,322,171,473,21,724,343,62,280,164,163,99,642,68,lamborghini,show,blocko,serial,animated,new,haul,top,R&B,president trump,Khalsa,podcast,science,mystery,deivamagal episode today,world wrestling entertainment,food travel
46,634,199,1286,304,164,451,21,709,338,62,276,160,157,92,642,67,Kikano,comedian,tomscott,video,mistakes,trailer,lifehacks,teaser,lyrics,2018,India,lifestyle,Funny,unbox therapy,Tamil serial,डब्लू डब्लू ई,strictly dumpling
43,629,199,1268,301,163,449,21,696,330,62,275,154,154,75,542,65,drift,television,tom scott,movie,everything wrong with,play nintendo,useful things,amrinder gill,punjabi music,video,Jarnail,interview,the dodo,Gaurav Chaudhary,Daily serial,game,all you can eat
43,625,196,1247,301,157,434,21,655,312,62,274,153,153,75,507,64,nissan,news satire,thekingofrandom,humor,cinemasins,Nintendo,crafts,sunidhi chauhan,latest punjabi songs,telugu news,dhadrian wale ranjit sant singh 2015,news,animal video,future,suntv serial,sp:vl=en-US,spicy
42,621,194,1224,301,154,432,21,652,307,62,272,151,146,71,494,64,Camo,promo,current affairs 2018,daily soap,cinema sins,Fortnite,review,simi chahal,Official Video,news today,dhadrian wale exposed,travel,kitty,moon,br,sport,best all you can eat
42,619,192,1221,301,151,422,10,640,294,62,267,141,144,71,491,64,M3,host,tkor,watch online,eww,animation,2018,francais,punjabi,NBC,Isher,makeup,breaking,universe,nba,nba highlights,street food around the world
42,619,191,1187,283,138,394,10,633,282,62,266,138,140,71,489,64,camouflage,snl seth meyers,life noggin face reveal,jokes,teaser,matpat,Do it yourself,thriller,Music Video,Telugu News,Babbu,new,simon's katze,2018,bleacher report,espn,best buffet
42,619,191,1166,268,138,389,10,599,282,62,262,138,138,68,463,63,AMG,meyers,blocko life noggin,famous,Marvel,video games,DIY projects,Film,punjabi latest songs,health,dhadrian wale,love,simonscat,planet,priyamanaval serial 04.05.18,2017,simon and martina
41,619,191,1146,239,133,388,10,596,281,62,261,138,138,47,456,62,cars,seth,education channel,CBS,Preview,Xbox One,trucos de belliza,entier,Universal,tv9,Sant,celebrity,cat lovers,ocean,Game of Zones,game highlights,eatyoursushi
39,619,191,1110,238,131,387,10,589,279,62,244,138,138,41,455,62,race,weekend update,life noggin channel,tv,Drama,PC,DIY activities,complet,Atlantic Records,tv9 live,Akal,jabardasth,Humour,mars,cartoon,lebron james,martina
39,610,191,1103,236,129,383,9,571,272,62,241,137,135,39,452,62,2018,comedy sketches,edutainment,joke,disney,review,Handcraft,gratuit,cover,MSNBC,Trust,cute,black and white cat,alien,comedy,amazing,bbq
38,602,191,1102,231,122,359,7,535,263,62,240,137,135,35,427,62,rallye,talent,life noggin youtube,news,Trailers,dlc,trucos,horreur,video,top stories,Taksal,roja,Кот Саймона,apple iphone x,Comedy,foot,eat your kimchi
38,599,191,1098,229,113,356,6,514,253,62,237,137,134,32,417,62,RS6,tonight,youtube life noggin,Entertainment,official,cow chop,proyectos faciles,suspense,new,tv9 youtube,Sikh,extra jabardasth,nature,ufo,priyamanaval today episode,games,eat your sushi
38,597,182,1095,228,113,354,3,485,252,62,237,137,132,32,408,62,VLOG,variety,space,celeb,Movieclips,game theory,food porn,monstre,Columbia,TODAY Show,Takhat,rashmi,fun,Boston Dynamics,priyamanaval today,NBA,simonandmartina
38,597,182,1064,228,112,351,2,480,252,62,237,137,130,32,408,62,MT07,Fallon Stand-up,TED,talk show,official trailer,Gaming,vlogger,action,remix,TODAY Show Interview,Shabad,naga babu,Animal Rescue,technical guruji,Priyamanaval Episode today,espn live,eatyourkimchi
37,597,182,1063,228,112,346,2,480,252,62,236,136,128,29,400,62,honda,Fallon monologue,edutainment videos,movies,Fandango,lets,challenge,leader,Dance,The TODAY Show,sikh voice,BuzzFeed Video,cat fails,secureteam10,goz,sp:scp=athlete_in_match,simon
37,597,176,1009,228,110,344,2,480,251,62,235,135,128,29,399,59,Cars,Television,experiment,react,Movieclips Trailers,danny,style,Cerbère,punjabi romantic songs,tv9 news,sikh channel,eenadu television,Cats,aliens,zones,sp:st=wrestling,travel videos
37,597,176,978,226,110,342,2,479,251,62,235,134,127,27,395,58,H2,Talk Show,animation,review,2018 Trailers,gamegrumps,5-Minute Crafts,kannada,song,TODAY,sant baba ranjit singh ji dhadrian wale,etv shows,wildlife,the verge,Tobias Harris,Highlights,Japan
37,593,176,975,223,110,341,2,465,251,55,235,132,125,27,395,56,yamaha,sketch comedy,2018,film,funny,egoraptor,Beauty,kannada full movie,Capitol,tv9 ap,Singh,dhee Jodi,simon the cat,iphone 8,Steve Ballmer,ufc,Tokyo
36,587,172,953,220,109,336,2,461,249,44,235,132,125,27,384,51,MOTARD,highlight,psychology,Stephen Colbert,first look,FPS,how to make,kannada movies,Island,tv9 telugu,black panther,padutha theeyaga,animated animals,antarctica,Los Angeles,highlight,2017
36,584,164,942,219,109,329,2,461,248,40,235,132,124,27,376,51,STUNT,Jimmy Fallon,funny,hilarious,HBO,ubisoft,drugstore,kannada movies full,Country,tv9 online,sebastian stan,etv20,simons cats,ovni,Los Angeles Clippers,cavaliers,travel india
36,574,164,886,217,109,318,2,452,247,40,235,132,124,27,370,50,how to,trump,sbi po,Trailer,Official Trailer,uberhaxornova,baking,kannada songs,Rock,KLG and Hoda,marvel,super2,simon's cat,gadgets,Game of Thrones parody,cleveland cavaliers,all you can eat buffet
36,571,163,886,214,109,313,2,451,245,40,235,132,123,27,362,48,CRASH,laugh,banking,James Corden,Sci-Fi,video,cocktail,magie,2017,CBC,tom hiddleston,etv comedy show,Animation,ufos,curry,bottle flip,indian street food
36,567,161,881,212,108,306,2,442,243,40,235,132,121,27,354,47,test,The Tonight Show,bank po,Colbert,Cinema,2017,First we feast,shivanna,desi,Celebrity Interviews,elizabeth olsen,extra jabardsth,cartoon,Tech,Jerry West,mlg,seafood
36,558,154,867,211,108,306,2,435,243,40,235,132,120,27,354,47,Super Bowl,shots,how to,humour,film theory,grumps,firstwefeast,mass leader trailer,songs,Kathie Lee and Hoda,Avengers,video,cartoons,Gadgets,New York Knicks,lebron,japan
36,556,153,846,208,107,306,2,429,240,40,233,131,119,27,346,47,mods,hannahstocking,clerk,vlog,Deadpool,Pokemon,complex media,shivaraj kumar songs,hip-hop,Ambush Makeover,Avengers: Infinity War,chandra,animal (film character),iphone x review,Detroit,mlg highlights,street food mexico
36,556,152,823,208,107,306,2,428,240,39,231,126,119,27,339,46,YAMAHA,alesso,random,love,video games,pc game,complex,shivaraj kumar movies,dance,Lifestyle,chris evans,dhanraj,simons cat,samsung,Detroit Pistons,Raw,indian buffet
36,556,151,812,202,105,306,2,425,239,39,231,125,117,27,328,46,MOTO,lelepons,lic,celebrity news,drama,Xbox,fwf,shivaraj kumar,pop music,Telangana News,thor,anchor anasuya,family friendly,iPhone X,Van Gundy Island,mma,kitchen
36,556,149,807,202,105,305,2,410,239,39,231,122,117,27,323,45,TMAX,rudymancuso,current,The Late Late Show,matpat,comedy,craft beer,shivanna songs,BTS,TODAY Show Recipes,winter soldier,chanti,videos,physics,Jeff Van Gundy,news,indian
36,544,147,807,202,103,302,2,408,231,39,230,121,114,27,318,45,RS,anitta,issue,Late Late Show,production,videogamedunkey,Cook (Profession)sean evans,trésors,latest songs,political news,benedict cumberbatch,kids,Animated,pc,Doc Rivers,freestyle,mexican street food
